ID,Name,Concepticon_ID,Concepticon_Gloss
WORLD,WORLD,965,WORLD
LAND,LAND,626,LAND
EARTHSOIL,EARTH (SOIL),1228,EARTH (SOIL)
DUST,DUST,2,DUST
MUD,MUD,640,MUD
SAND,SAND,671,SAND
MOUNTAINORHILL,MOUNTAIN OR HILL,2118,MOUNTAIN OR HILL
PRECIPICE,PRECIPICE,618,PRECIPICE
PLAIN,PLAIN,652,PLAIN
VALLEY,VALLEY,921,VALLEY
ISLAND,ISLAND,622,ISLAND
MAINLAND,MAINLAND,166,MAINLAND
SHORE,SHORE,113,SHORE
CAVE,CAVE,1155,CAVE
WATER,WATER,948,WATER
SEA,SEA,1474,SEA
CALMOFSEA,CALM (OF SEA),3820,CALM (OF SEA)
ROUGHOFSEA,ROUGH (OF SEA),259,ROUGH (OF SEA)
FOAM,FOAM,1768,FOAM
OCEAN,OCEAN,645,OCEAN
LAKE,LAKE,624,LAKE
BAY,BAY,663,BAY
LAGOON,LAGOON,623,LAGOON
REEF,REEF,660,REEF
CAPE,CAPE,1662,CAPE
WAVE,WAVE,978,WAVE
TIDE,TIDE,891,TIDE
LOWTIDE,LOW TIDE,1026,LOW TIDE
HIGHTIDE,HIGH TIDE,613,HIGH TIDE
FLOWINGBODYOFWATER,FLOWING BODY OF WATER,3311,FLOWING BODY OF WATER
WHIRLPOOL,WHIRLPOOL,1982,WHIRLPOOL
SPRINGORWELL,SPRING OR WELL,2144,SPRING OR WELL
SWAMP,SWAMP,1145,SWAMP
WATERFALL,WATERFALL,943,WATERFALL
FOREST,FOREST,420,FOREST
TREE,TREE,906,TREE
WOOD,WOOD,1803,WOOD
STONEORROCK,STONE OR ROCK,2125,STONE OR ROCK
EARTHQUAKE,EARTHQUAKE,6,EARTHQUAKE
SKY,SKY,1732,SKY
SUN,SUN,1343,SUN
MOON,MOON,1313,MOON
STAR,STAR,1430,STAR
LIGHTNING,LIGHTNING,1654,LIGHTNING
THUNDER,THUNDER,1150,THUNDER
BOLTOFLIGHTNING,BOLT (OF LIGHTNING),2007,BOLT (OF LIGHTNING)
STORM,STORM,858,STORM
RAINBOW,RAINBOW,1733,RAINBOW
LIGHTRADIATION,LIGHT (RADIATION),630,LIGHT (RADIATION)
DARKNESS,DARKNESS,11,DARKNESS
SHADE,SHADE,1388,SHADE
DEW,DEW,1977,DEW
AIR,AIR,27,AIR
WIND,WIND,960,WIND
CLOUD,CLOUD,1489,CLOUD
FOG,FOG,249,FOG
RAINPRECIPITATION,RAIN (PRECIPITATION),658,RAIN (PRECIPITATION)
SNOW,SNOW,784,SNOW
ICE,ICE,617,ICE
WEATHER,WEATHER,952,WEATHER
FIRE,FIRE,221,FIRE
FLAME,FLAME,889,FLAME
SMOKEEXHAUST,SMOKE (EXHAUST),778,SMOKE (EXHAUST)
ASH,ASH,646,ASH
EMBERS,EMBERS,67,EMBERS
BURNSOMETHING,BURN (SOMETHING),141,BURN (SOMETHING)
BURNING,BURNING,1428,BURNING
LIGHTIGNITE,LIGHT (IGNITE),737,LIGHT (IGNITE)
EXTINGUISH,EXTINGUISH,127,EXTINGUISH
MATCH,MATCH,1133,MATCH
FIREWOOD,FIREWOOD,10,FIREWOOD
CHARCOAL,CHARCOAL,1188,CHARCOAL
PERSON,PERSON,683,PERSON
MAN,MAN,1554,MAN
WOMAN,WOMAN,962,WOMAN
MALEOFPERSON,MALE (OF PERSON),2261,MALE (OF PERSON)
FEMALEOFPERSON,FEMALE (OF PERSON),2260,FEMALE (OF PERSON)
BOY,BOY,1366,BOY
YOUNGMAN,YOUNG MAN,76,YOUNG MAN
GIRL,GIRL,1646,GIRL
YOUNGWOMAN,YOUNG WOMAN,77,YOUNG WOMAN
CHILDYOUNGHUMAN,CHILD (YOUNG HUMAN),1304,CHILD (YOUNG HUMAN)
BABY,BABY,1289,BABY
HUSBAND,HUSBAND,1200,HUSBAND
WIFE,WIFE,1199,WIFE
MARRY,MARRY,203,MARRY
MARRIAGEORWEDDING,MARRIAGE OR WEDDING,3182,MARRIAGE OR WEDDING
DIVORCE,DIVORCE,1134,DIVORCE
FATHER,FATHER,1217,FATHER
MOTHER,MOTHER,1216,MOTHER
PARENTS,PARENTS,505,PARENTS
MARRIEDMAN,MARRIED MAN,424,MARRIED MAN
MARRIEDWOMAN,MARRIED WOMAN,426,MARRIED WOMAN
SON,SON,1620,SON
DAUGHTER,DAUGHTER,1357,DAUGHTER
CHILDDESCENDANT,CHILD (DESCENDANT),1801,CHILD (DESCENDANT)
BROTHER,BROTHER,1262,BROTHER
OLDERBROTHER,OLDER BROTHER,1759,OLDER BROTHER
YOUNGERBROTHER,YOUNGER BROTHER,1760,YOUNGER BROTHER
SISTER,SISTER,1263,SISTER
OLDERSISTER,OLDER SISTER,1758,OLDER SISTER
YOUNGERSISTER,YOUNGER SISTER,1761,YOUNGER SISTER
SIBLING,SIBLING,1640,SIBLING
TWINS,TWINS,1005,TWINS
GRANDFATHER,GRANDFATHER,1383,GRANDFATHER
OLDMAN,OLD MAN,406,OLD MAN
GRANDMOTHER,GRANDMOTHER,1496,GRANDMOTHER
OLDWOMAN,OLD WOMAN,907,OLD WOMAN
GRANDSON,GRANDSON,1618,GRANDSON
GRANDDAUGHTER,GRANDDAUGHTER,1619,GRANDDAUGHTER
UNCLE,UNCLE,1327,UNCLE
MATERNALUNCLEMOTHERSBROTHER,MATERNAL UNCLE (MOTHER'S BROTHER),2692,MATERNAL UNCLE (MOTHER'S BROTHER)
PATERNALUNCLEFATHERSBROTHER,PATERNAL UNCLE (FATHER'S BROTHER),1985,PATERNAL UNCLE (FATHER'S BROTHER)
AUNT,AUNT,1272,AUNT
MATERNALAUNTMOTHERSSISTER,MATERNAL AUNT (MOTHER'S SISTER),2693,MATERNAL AUNT (MOTHER'S SISTER)
PATERNALAUNTFATHERSSISTER,PATERNAL AUNT (FATHER'S SISTER),2691,PATERNAL AUNT (FATHER'S SISTER)
NEPHEW,NEPHEW,1063,NEPHEW
NIECE,NIECE,1642,NIECE
COUSIN,COUSIN,1643,COUSIN
ANCESTORS,ANCESTORS,1669,ANCESTORS
DESCENDANTS,DESCENDANTS,490,DESCENDANTS
FATHERINLAWOFMAN,FATHER-IN-LAW (OF MAN),2255,FATHER-IN-LAW (OF MAN)
FATHERINLAWOFWOMAN,FATHER-IN-LAW (OF WOMAN),2254,FATHER-IN-LAW (OF WOMAN)
MOTHERINLAWOFMAN,MOTHER-IN-LAW (OF MAN),2257,MOTHER-IN-LAW (OF MAN)
MOTHERINLAWOFWOMAN,MOTHER-IN-LAW (OF WOMAN),2256,MOTHER-IN-LAW (OF WOMAN)
SONINLAWOFMAN,SON-IN-LAW (OF MAN),2267,SON-IN-LAW (OF MAN)
SONINLAWOFWOMAN,SON-IN-LAW (OF WOMAN),2266,SON-IN-LAW (OF WOMAN)
DAUGHTERINLAWOFMAN,DAUGHTER-IN-LAW (OF MAN),2265,DAUGHTER-IN-LAW (OF MAN)
DAUGHTERINLAWOFWOMAN,DAUGHTER-IN-LAW (OF WOMAN),2264,DAUGHTER-IN-LAW (OF WOMAN)
STEPFATHER,STEPFATHER,237,STEPFATHER
STEPMOTHER,STEPMOTHER,236,STEPMOTHER
STEPSON,STEPSON,1059,STEPSON
STEPDAUGHTER,STEPDAUGHTER,1058,STEPDAUGHTER
ORPHAN,ORPHAN,1149,ORPHAN
WIDOW,WIDOW,1756,WIDOW
WIDOWER,WIDOWER,1981,WIDOWER
RELATIVES,RELATIVES,1644,RELATIVES
FAMILY,FAMILY,194,FAMILY
I,I,1209,I
THOU,THOU,1215,THOU
HEORSHEORIT,HE OR SHE OR IT,262,HE OR SHE OR IT
WE,WE,1212,WE
WEINCLUSIVE,WE (INCLUSIVE),1131,WE (INCLUSIVE)
WEEXCLUSIVE,WE (EXCLUSIVE),1130,WE (EXCLUSIVE)
YOU,YOU,1213,YOU
THEY,THEY,817,THEY
ANIMAL,ANIMAL,619,ANIMAL
MALEOFANIMAL,MALE (OF ANIMAL),2263,MALE (OF ANIMAL)
FEMALEOFANIMAL,FEMALE (OF ANIMAL),2262,FEMALE (OF ANIMAL)
LIVESTOCK,LIVESTOCK,631,LIVESTOCK
PASTURE,PASTURE,649,PASTURE
HERDSMAN,HERDSMAN,263,HERDSMAN
STABLE,STABLE,851,STABLE
CATTLE,CATTLE,1153,CATTLE
BULL,BULL,1008,BULL
OX,OX,1169,OX
COW,COW,1007,COW
CALF,CALF,1989,CALF
SHEEP,SHEEP,1331,SHEEP
RAM,RAM,1344,RAM
EWE,EWE,1345,EWE
LAMB,LAMB,820,LAMB
BOARMALEPIG,BOAR (MALE PIG),1348,BOAR (MALE PIG)
SOWFEMALEPIG,SOW (FEMALE PIG),1351,SOW (FEMALE PIG)
PIG,PIG,1337,PIG
GOAT,GOAT,1502,GOAT
MALEGOAT,MALE GOAT,2475,MALE GOAT
KID,KID,1972,YOUNG GOAT (KID)
HORSE,HORSE,615,HORSE
STALLION,STALLION,936,STALLION
MARE,MARE,938,MARE
FOAL,FOAL,1647,FOAL
DONKEY,DONKEY,1862,DONKEY
MULE,MULE,890,MULE
FOWL,FOWL,265,FOWL
ROOSTER,ROOSTER,1511,ROOSTER
HEN,HEN,1514,HEN
CHICKEN,CHICKEN,1318,CHICKEN
GOOSE,GOOSE,1187,GOOSE
DUCK,DUCK,1360,DUCK
NEST,NEST,539,NEST
BIRD,BIRD,937,BIRD
SEAGULL,SEAGULL,950,SEAGULL
HERON,HERON,758,HERON
EAGLE,EAGLE,1905,EAGLE
HAWK,HAWK,307,HAWK
VULTURE,VULTURE,1185,VULTURE
BAT,BAT,1793,BAT
PARROT,PARROT,882,PARROT
CROW,CROW,913,CROW
DOVE,DOVE,1853,DOVE
OWL,OWL,735,OWL
DOG,DOG,2009,DOG
RABBIT,RABBIT,1136,RABBIT
CAT,CAT,1208,CAT
OPOSSUM,OPOSSUM,309,OPOSSUM
MUROIDMOUSEORRAT,MUROID (MOUSE OR RAT),2139,MUROID (MOUSE OR RAT)
FISH,FISH,227,FISH
FIN,FIN,213,FIN
SCALE,SCALE,266,SCALE
GILL,GILL,1916,GILL
SHELL,SHELL,598,SHELL
SHARK,SHARK,1110,SHARK
DOLPHIN,DOLPHIN,1479,DOLPHIN
WHALE,WHALE,957,WHALE
STINGRAY,STINGRAY,1910,STINGRAY
FRESHWATEREEL,FRESHWATER EEL,1013,FRESHWATER EEL
WOLF,WOLF,522,WOLF
LION,LION,1386,LION
BEAR,BEAR,1820,BEAR
FOX,FOX,1312,FOX
DEER,DEER,1936,DEER
MONKEY,MONKEY,1350,MONKEY
ELEPHANT,ELEPHANT,1290,ELEPHANT
CAMEL,CAMEL,1871,CAMEL
INSECT,INSECT,620,INSECT
LOUSE,LOUSE,1392,LOUSE
NIT,NIT,267,NIT
FLEA,FLEA,232,FLEA
CENTIPEDE,CENTIPEDE,1974,CENTIPEDE
SCORPION,SCORPION,1538,SCORPION
COCKROACH,COCKROACH,1575,COCKROACH
ANT,ANT,587,ANT
SPIDER,SPIDER,843,SPIDER
SPIDERWEB,SPIDER WEB,1065,SPIDER WEB
BEE,BEE,665,BEE
BEESWAX,BEESWAX,1931,BEESWAX
BEEHIVE,BEEHIVE,88,BEEHIVE
WASP,WASP,1517,WASP
FLYINSECT,FLY (INSECT),1504,FLY (INSECT)
SANDFLY,SANDFLY,95,SANDFLY
MOSQUITO,MOSQUITO,1509,MOSQUITO
WORM,WORM,1219,WORM
SNAKE,SNAKE,730,SNAKE
FIREFLY,FIREFLY,206,FIREFLY
BUTTERFLY,BUTTERFLY,1791,BUTTERFLY
GRASSHOPPER,GRASSHOPPER,607,GRASSHOPPER
SNAIL,SNAIL,1543,SNAIL
FROG,FROG,503,FROG
LIZARD,LIZARD,632,LIZARD
CROCODILE,CROCODILE,1857,CROCODILE
TURTLE,TURTLE,112,TURTLE
BODY,BODY,1480,BODY
SKIN,SKIN,763,SKIN
FLESH,FLESH,2259,FLESH
HAIRHEAD,HAIR (HEAD),2648,HAIR (HEAD)
BEARD,BEARD,678,BEARD
HAIRBODY,HAIR (BODY),189,HAIR (BODY)
PUBICHAIR,PUBIC HAIR,36,PUBIC HAIR
DANDRUFF,DANDRUFF,576,DANDRUFF
BLOOD,BLOOD,946,BLOOD
BLOODVESSEL,BLOOD VESSEL,525,BLOOD VESSEL
BONE,BONE,1394,BONE
RIB,RIB,801,RIB
HORNANATOMY,HORN (ANATOMY),1393,HORN (ANATOMY)
TAIL,TAIL,1220,TAIL
BACK,BACK,1291,BACK
SPINE,SPINE,805,SPINE
HEAD,HEAD,1256,HEAD
TEMPLES,TEMPLES,1604,TEMPLES
SKULL,SKULL,1605,SKULL
BRAIN,BRAIN,1583,BRAIN
FACE,FACE,1560,FACE
FOREHEAD,FOREHEAD,123,FOREHEAD
JAW,JAW,798,JAW
CHEEK,CHEEK,1730,CHEEK
CHIN,CHIN,1510,CHIN
EYE,EYE,1248,EYE
EYEBROW,EYEBROW,1173,EYEBROW
EYELID,EYELID,17,EYELID
EYELASH,EYELASH,1540,EYELASH
BLINK,BLINK,1655,BLINK
EAR,EAR,1247,EAR
EARLOBE,EARLOBE,18,EARLOBE
EARWAX,EARWAX,32,EARWAX
NOSE,NOSE,1221,NOSE
NOSTRIL,NOSTRIL,1178,NOSTRIL
NASALMUCUSSNOT,NASAL MUCUS (SNOT),208,NASAL MUCUS (SNOT)
MOUTH,MOUTH,674,MOUTH
BEAK,BEAK,73,BEAK
LIP,LIP,478,LIP
TONGUE,TONGUE,1205,TONGUE
TOOTH,TOOTH,1380,TOOTH
GUMS,GUMS,139,GUMS
MOLARTOOTH,MOLAR TOOTH,1049,MOLAR TOOTH
NECK,NECK,1333,NECK
NAPEOFNECK,NAPE (OF NECK),1347,NAPE (OF NECK)
THROAT,THROAT,1346,THROAT
SHOULDER,SHOULDER,1482,SHOULDER
SHOULDERBLADE,SHOULDERBLADE,172,SHOULDERBLADE
COLLARBONE,COLLARBONE,1994,COLLARBONE
ARM,ARM,1673,ARM
ARMPIT,ARMPIT,1886,ARMPIT
ELBOW,ELBOW,981,ELBOW
WRIST,WRIST,799,WRIST
HAND,HAND,1277,HAND
PALMOFHAND,PALM OF HAND,1183,PALM OF HAND
FINGER,FINGER,1303,FINGER
THUMB,THUMB,1781,THUMB
FINGERNAIL,FINGERNAIL,1258,FINGERNAIL
CLAW,CLAW,72,CLAW
LEG,LEG,1297,LEG
UPPERLEGTHIGH,UPPER LEG (THIGH),471,UPPER LEG (THIGH)
CALFOFLEG,CALF OF LEG,498,CALF OF LEG
KNEE,KNEE,1371,KNEE
FOOT,FOOT,1301,FOOT
ANKLE,ANKLE,803,ANKLE
HEEL,HEEL,980,HEEL
FOOTPRINT,FOOTPRINT,318,FOOTPRINT
TOE,TOE,1389,TOE
WING,WING,1257,WING
FEATHER,FEATHER,1201,FEATHER
CHEST,CHEST,1592,CHEST
BREAST,BREAST,1402,BREAST
NIPPLE,NIPPLE,796,NIPPLE
UDDER,UDDER,154,UDDER
NAVEL,NAVEL,1838,NAVEL
HEART,HEART,1223,HEART
LUNG,LUNG,688,LUNG
LIVER,LIVER,1224,LIVER
KIDNEY,KIDNEY,489,KIDNEY
SPLEEN,SPLEEN,1744,SPLEEN
STOMACH,STOMACH,819,STOMACH
INTESTINES,INTESTINES,1991,INTESTINES
WAIST,WAIST,1681,WAIST
HIP,HIP,1745,HIP
BUTTOCKS,BUTTOCKS,834,BUTTOCKS
WOMB,WOMB,804,WOMB
TESTICLES,TESTICLES,797,TESTICLES
PENIS,PENIS,1222,PENIS
BREATHORBREATHE,BREATH OR BREATHE,3183,BREATH OR BREATHE
YAWN,YAWN,1028,YAWN
HICCOUGH,HICCOUGH,162,HICCOUGH
COUGH,COUGH,879,COUGH
SNEEZE,SNEEZE,1621,SNEEZE
SWEATPERSPIRE,SWEAT (PERSPIRE),126,SWEAT (PERSPIRE)
SPIT,SPIT,1440,SPIT
VOMIT,VOMIT,1278,VOMIT
BITE,BITE,1403,BITE
LICK,LICK,319,LICK
DRIBBLE,DRIBBLE,268,DRIBBLE
SLEEP,SLEEP,1585,SLEEP
SNORE,SNORE,1983,SNORE
DREAMSOMETHING,DREAM (SOMETHING),1920,DREAM (SOMETHING)
WAKEUP,WAKE UP,1602,WAKE UP
FART,FART,1159,FART
PISS,PISS,592,PISS
SHITDEFECATE,SHIT (DEFECATE),676,SHIT (DEFECATE)
COPULATE,COPULATE,549,COPULATE
SHIVER,SHIVER,52,SHIVER
BATHE,BATHE,138,BATHE
BEGET,BEGET,1152,BEGET
BEBORN,BE BORN,1090,BE BORN
PREGNANT,PREGNANT,1123,PREGNANT
CONCEIVE,CONCEIVE,1087,CONCEIVE
BEALIVEORLIFE,BE ALIVE OR LIFE,3184,BE ALIVE OR LIFE
BEDEADORDIE,BE DEAD OR DIE,2101,BE DEAD OR DIE
DROWNED,DROWNED,3187,DROWNED
KILL,KILL,1417,KILL
CORPSE,CORPSE,767,CORPSE
BURY,BURY,1719,BURY
GRAVE,GRAVE,1773,GRAVE
MIGHTYORPOWERFULORSTRONG,MIGHTY OR POWERFUL OR STRONG,3188,MIGHTY OR POWERFUL OR STRONG
WEAK,WEAK,1601,WEAK
HEALTHY,HEALTHY,1364,HEALTHY
SICK,SICK,1847,SICK
FEVER,FEVER,1534,FEVER
GOITER,GOITER,1957,GOITER
COMMONCOLDDISEASE,COMMON COLD (DISEASE),102,COMMON COLD (DISEASE)
WOUND,WOUND,1109,WOUND
BRUISE,BRUISE,1148,BRUISE
SWELLING,SWELLING,1903,SWELLING
ITCH,ITCH,148,ITCH
BLISTER,BLISTER,1584,BLISTER
BOILOFSKIN,BOIL (OF SKIN),793,BOIL (OF SKIN)
PUS,PUS,1808,PUS
SCAR,SCAR,497,SCAR
CURE,CURE,499,CURE
PHYSICIAN,PHYSICIAN,597,PHYSICIAN
MEDICINE,MEDICINE,1372,MEDICINE
POISON,POISON,655,POISON
TIRED,TIRED,1757,TIRED
REST,REST,168,REST
LAZY,LAZY,1564,LAZY
BALD,BALD,1125,BALD
LAME,LAME,320,LAME
DEAF,DEAF,996,DEAF
MUTE,MUTE,1666,MUTE
BLIND,BLIND,1653,BLIND
DRUNK,DRUNK,1463,DRUNK
NAKED,NAKED,590,NAKED
EAT,EAT,1336,EAT
FOOD,FOOD,256,FOOD
COOKED,COOKED,269,COOKED
RAW,RAW,1959,RAW
RIPE,RIPE,178,RIPE
UNRIPE,UNRIPE,1958,UNRIPE
ROTTEN,ROTTEN,1728,ROTTEN
DRINK,DRINK,1401,DRINK
HUNGER,HUNGER,1864,HUNGER
FAMINE,FAMINE,199,FAMINE
THIRST,THIRST,848,THIRST
SUCK,SUCK,1421,SUCK
CHEW,CHEW,321,CHEW
SWALLOW,SWALLOW,897,SWALLOW
CHOKE,CHOKE,129,CHOKE
COOKSOMETHING,COOK (SOMETHING),1100,COOK (SOMETHING)
BOILOFLIQUID,BOIL (OF LIQUID),792,BOIL (OF LIQUID)
ROASTORFRY,ROAST OR FRY,2146,ROAST OR FRY
BAKE,BAKE,183,BAKE
OVEN,OVEN,1143,OVEN
COOKINGPOT,COOKING POT,3653,COOKING POT
KETTLE,KETTLE,854,KETTLE
PAN,PAN,31,PAN
DISH,DISH,481,DISH
PLATE,PLATE,480,PLATE
BOWL,BOWL,1530,BOWL
JUG,JUG,270,JUG
CUP,CUP,476,CUP
SAUCER,SAUCER,271,SAUCER
SPOON,SPOON,1378,SPOON
KNIFEFOREATING,KNIFE (FOR EATING),3210,KNIFE (FOR EATING)
FORK,FORK,1302,FORK
TONGS,TONGS,272,TONGS
MEAL,MEAL,1526,MEAL
BREAKFAST,BREAKFAST,1322,BREAKFAST
LUNCH,LUNCH,768,LUNCH
DINNERSUPPER,DINNER (SUPPER),1833,DINNER (SUPPER)
PEEL,PEEL,275,PEEL
SIEVEORSTRAIN,SIEVE OR STRAIN,3448,SIEVE OR STRAIN
SCRAPE,SCRAPE,1767,SCRAPE
MIX,MIX,2017,MIX
BREAD,BREAD,1368,BREAD
DOUGH,DOUGH,273,DOUGH
KNEAD,KNEAD,274,KNEAD
FLOUR,FLOUR,1594,FLOUR
GRIND,GRIND,1033,GRIND
MILL,MILL,636,MILL
MORTAR,MORTAR,224,MORTAR
PESTLE,PESTLE,225,PESTLE
MEAT,MEAT,634,MEAT
SAUSAGE,SAUSAGE,1874,SAUSAGE
SOUP,SOUP,1547,SOUP
VEGETABLES,VEGETABLES,924,VEGETABLES
BEAN,BEAN,832,BEAN
POTATO,POTATO,593,POTATO
FRUIT,FRUIT,1507,FRUIT
BUNCH,BUNCH,1966,BUNCH
FIG,FIG,322,FIG
GRAPE,GRAPE,920,GRAPE
NUT,NUT,191,NUT
OLIVE,OLIVE,1154,OLIVE
OILORGANICSUBSTANCE,OIL (ORGANIC SUBSTANCE),1484,OIL (ORGANIC SUBSTANCE)
FATORGANICSUBSTANCE,FAT (ORGANIC SUBSTANCE),323,FAT (ORGANIC SUBSTANCE)
SALT,SALT,1274,SALT
PEPPER,PEPPER,1385,PEPPER
CHILIPEPPER,CHILI PEPPER,919,CHILI PEPPER
HONEY,HONEY,942,HONEY
SUGAR,SUGAR,862,SUGAR
MILK,MILK,635,MILK
DRAWMILK,DRAW MILK,93,DRAW MILK
CHEESE,CHEESE,1569,CHEESE
BUTTER,BUTTER,1245,BUTTER
BEVERAGE,BEVERAGE,731,BEVERAGE
MEAD,MEAD,941,MEAD
WINE,WINE,1524,WINE
BEER,BEER,1639,BEER
ALCOHOLFERMENTEDDRINK,ALCOHOL (FERMENTED DRINK),404,ALCOHOL (FERMENTED DRINK)
EGG,EGG,744,EGG
YOLK,YOLK,1556,YOLK
PUTON,PUT ON,158,PUT ON
CLOTHES,CLOTHES,1895,CLOTHES
TAILOR,TAILOR,881,TAILOR
CLOTH,CLOTH,1616,CLOTH
WOOL,WOOL,964,WOOL
FLAXORLINEN,FLAX OR LINEN,3462,FLAX OR LINEN
COTTON,COTTON,1850,COTTON
SILK,SILK,1641,SILK
FELT,FELT,325,FELT
FUR,FUR,580,FUR
LEATHER,LEATHER,629,LEATHER
SPIN,SPIN,121,SPIN
SPINDLE,SPINDLE,277,SPINDLE
WEAVE,WEAVE,133,WEAVE
LOOM,LOOM,1787,LOOM
SEW,SEW,1457,SEW
NEEDLEFORSEWING,NEEDLE (FOR SEWING),1382,NEEDLE (FOR SEWING)
AWL,AWL,278,AWL
THREAD,THREAD,1161,THREAD
DYE,DYE,157,DYE
CLOAK,CLOAK,326,CLOAK
PONCHO,PONCHO,327,PONCHO
DRESS,DRESS,474,DRESS
COAT,COAT,603,COAT
SHIRT,SHIRT,1622,SHIRT
COLLAR,COLLAR,2012,COLLAR
SKIRT,SKIRT,1600,SKIRT
GRASSSKIRT,GRASS-SKIRT,328,GRASS-SKIRT
TROUSERS,TROUSERS,809,TROUSERS
STOCKING,STOCKING,329,STOCKING
SHOE,SHOE,1381,SHOE
BOOT,BOOT,585,BOOT
SHOEMAKER,SHOEMAKER,875,SHOEMAKER
HEADGEAR,HEADGEAR,2130,HEADGEAR
BELT,BELT,772,BELT
GLOVE,GLOVE,867,GLOVE
VEIL,VEIL,1151,VEIL
POCKET,POCKET,1851,POCKET
BUTTON,BUTTON,757,BUTTON
PIN,PIN,64,PIN
ORNAMENT,ORNAMENT,917,ORNAMENT
JEWEL,JEWEL,1029,JEWEL
RING,RING,1374,RING
BRACELET,BRACELET,1754,BRACELET
NECKLACE,NECKLACE,1961,NECKLACE
BEAD,BEAD,1860,BEAD
EARRING,EARRING,770,EARRING
HEADBANDORHEADDRESS,HEADBAND OR HEADDRESS,3457,HEADBAND OR HEADDRESS
TATTOO,TATTOO,68,TATTOO
RAG,RAG,332,RAG
TOWEL,TOWEL,1021,TOWEL
COMB,COMB,1475,COMB
BRUSH,BRUSH,1821,BRUSH
BRAID,BRAID,1043,BRAID
RAZOR,RAZOR,151,RAZOR
OINTMENT,OINTMENT,1926,OINTMENT
SOAP,SOAP,788,SOAP
MIRROR,MIRROR,1171,MIRROR
DWELLLIVERESIDE,"DWELL (LIVE, RESIDE)",363,"DWELL (LIVE, RESIDE)"
HOUSE,HOUSE,1252,HOUSE
HUT,HUT,1678,HUT
GARDENHOUSE,GARDEN-HOUSE,403,GARDEN-HOUSE
TENT,TENT,1316,TENT
YARD,YARD,736,YARD
MENSHOUSE,MEN'S HOUSE,408,MEN'S HOUSE
COOKHOUSE,COOKHOUSE,334,COOKHOUSE
MEETINGHOUSE,MEETING HOUSE,335,MEETING HOUSE
ROOM,ROOM,1450,ROOM
DOOR,DOOR,1567,DOOR
DOORPOST,DOORPOST,80,DOORPOST
LOCK,LOCK,1596,LOCK
LATCH,LATCH,1012,LATCH
KEY,KEY,1472,KEY
WINDOW,WINDOW,1375,WINDOW
FLOOR,FLOOR,1632,FLOOR
WALLOFHOUSE,WALL (OF HOUSE),933,WALL (OF HOUSE)
FIREPLACE,FIREPLACE,185,FIREPLACE
STOVE,STOVE,859,STOVE
CHIMNEY,CHIMNEY,1305,CHIMNEY
LADDER,LADDER,1464,LADDER
BED,BED,1663,BED
PILLOW,PILLOW,1044,PILLOW
BLANKET,BLANKET,806,BLANKET
CHAIR,CHAIR,1476,CHAIR
TABLE,TABLE,1775,TABLE
TORCHORLAMP,TORCH OR LAMP,2131,TORCH OR LAMP
CANDLE,CANDLE,1273,CANDLE
SHELF,SHELF,745,SHELF
TROUGH,TROUGH,205,TROUGH
ROOF,ROOF,769,ROOF
THATCH,THATCH,279,THATCH
RIDGEPOLE,RIDGEPOLE,280,RIDGEPOLE
RAFTER,RAFTER,829,RAFTER
BEAM,BEAM,1132,BEAM
POST,POST,281,POST
BOARD,BOARD,1227,BOARD
ARCH,ARCH,876,ARCH
MASON,MASON,877,MASON
BRICK,BRICK,1006,BRICK
MORTARBINDER,MORTAR BINDER,1731,MORTAR BINDER
ADOBE,ADOBE,901,ADOBE
FARMER,FARMER,979,FARMER
FIELD,FIELD,212,FIELD
GARDEN,GARDEN,586,GARDEN
CULTIVATE,CULTIVATE,1541,CULTIVATE
FENCE,FENCE,1690,FENCE
DITCH,DITCH,2002,DITCH
PLOUGH,PLOUGH,1921,PLOUGH
FURROW,FURROW,1794,FURROW
DIG,DIG,1418,DIG
SPADE,SPADE,1176,SPADE
SHOVEL,SHOVEL,1901,SHOVEL
HOE,HOE,284,HOE
PITCHFORK,PITCHFORK,337,PITCHFORK
RAKE,RAKE,338,RAKE
SOWSEEDS,SOW SEEDS,748,SOW SEEDS
SEED,SEED,714,SEED
MOW,MOW,190,MOW
SICKLEORSCYTHE,SICKLE OR SCYTHE,2132,SICKLE OR SCYTHE
THRESH,THRESH,285,THRESH
THRESHINGFLOOR,THRESHING-FLOOR,223,THRESHING-FLOOR
HARVEST,HARVEST,611,HARVEST
GRAIN,GRAIN,605,GRAIN
WHEAT,WHEAT,1077,WHEAT
BARLEY,BARLEY,932,BARLEY
RYE,RYE,23,RYE
OAT,OAT,60,OAT
MAIZE,MAIZE,506,MAIZE
RICE,RICE,926,RICE
GRASS,GRASS,606,GRASS
HAY,HAY,342,HAY
PLANTVEGETATION,PLANT (VEGETATION),653,PLANT (VEGETATION)
PLANTSOMETHING,PLANT (SOMETHING),1486,PLANT (SOMETHING)
ROOT,ROOT,670,ROOT
BRANCHORTWIG,BRANCH OR TWIG,3223,BRANCH OR TWIG
LEAF,LEAF,628,LEAF
FLOWER,FLOWER,239,FLOWER
OAK,OAK,644,OAK
BEECH,BEECH,1950,BEECH
BIRCH,BIRCH,1855,BIRCH
PINE,PINE,1740,PINE
FIR,FIR,1915,FIR
ACORN,ACORN,968,ACORN
GRAPEVINE,GRAPEVINE,3769,GRAPEVINE
TOBACCO,TOBACCO,974,TOBACCO
SMOKEINHALE,SMOKE (INHALE),1689,SMOKE (INHALE)
PIPE,PIPE,1124,PIPE
TREESTUMP,TREE STUMP,241,TREE STUMP
TREETRUNK,TREE TRUNK,344,TREE TRUNK
FORKEDBRANCH,FORKED BRANCH,409,FORKED BRANCH
BARK,BARK,1204,BARK
SAP,SAP,345,SAP
PALMTREE,PALM TREE,1181,PALM TREE
COCONUT,COCONUT,970,COCONUT
CITRUSFRUIT,CITRUS FRUIT,1126,CITRUS FRUIT
BANANATREE,BANANA TREE,1795,BANANA TREE
BANYAN,BANYAN,346,BANYAN
SWEETPOTATO,SWEET POTATO,159,SWEET POTATO
YAM,YAM,410,YAM
CASSAVA,CASSAVA,925,CASSAVA
GOURD,GOURD,411,GOURD
PUMPKIN,PUMPKIN,864,PUMPKIN
BAMBOO,BAMBOO,1927,BAMBOO
SUGARCANE,SUGAR CANE,146,SUGAR CANE
FISHPOISON,FISH POISON,348,FISH POISON
NETTLE,NETTLE,33,NETTLE
MUSHROOM,MUSHROOM,641,MUSHROOM
DOORMAKE,DO OR MAKE,2575,DO OR MAKE
WORKLABOUR,WORK (LABOUR),984,WORK (LABOUR)
BEND,BEND,2004,BEND
FOLD,FOLD,1470,FOLD
TIE,TIE,1917,TIE
UNTIE,UNTIE,352,UNTIE
CHAIN,CHAIN,1627,CHAIN
ROPE,ROPE,1218,ROPE
KNOT,KNOT,760,KNOT
STRIKEORBEAT,STRIKE OR BEAT,2133,STRIKE OR BEAT
POUND,POUND,354,POUND
CUT,CUT,1432,CUT
CUTDOWN,CUT DOWN,355,CUT DOWN
CHOP,CHOP,155,CHOP
STABTODEATH,STAB TO DEATH,3189,STAB TO DEATH
KNIFE,KNIFE,1352,KNIFE
SHEARS,SHEARS,356,SHEARS
AXE,AXE,677,AXE
ADZE,ADZE,290,ADZE
BREAKDESTROYORGETDESTROYED,BREAK (DESTROY OR GET DESTROYED),680,BREAK (DESTROY OR GET DESTROYED)
BROKEN,BROKEN,588,BROKEN
SPLIT,SPLIT,1437,SPLIT
TEARSHRED,TEAR (SHRED),1735,TEAR (SHRED)
PULLOFFSKIN,PULL OFF (SKIN),291,PULL OFF (SKIN)
RUB,RUB,1449,RUB
STRETCH,STRETCH,214,STRETCH
PULL,PULL,1455,PULL
SPREADOUT,SPREAD OUT,38,SPREAD OUT
HANGUP,HANG UP,357,HANG UP
PRESS,PRESS,1913,PRESS
SQUEEZE,SQUEEZE,1414,SQUEEZE
POUR,POUR,1487,POUR
WASH,WASH,1453,WASH
SWEEP,SWEEP,230,SWEEP
BROOM,BROOM,245,BROOM
TOOL,TOOL,1361,TOOL
CARPENTER,CARPENTER,1042,CARPENTER
BUILD,BUILD,1840,BUILD
BORE,BORE,1501,BORE
HOLLOWOUT,HOLLOW OUT,46,HOLLOW OUT
SAW,SAW,1948,SAW
HAMMER,HAMMER,1481,HAMMER
NAILTOOL,NAIL (TOOL),502,NAIL (TOOL)
GLUE,GLUE,1069,GLUE
BLACKSMITH,BLACKSMITH,1001,BLACKSMITH
FORGE,FORGE,288,FORGE
ANVIL,ANVIL,1648,ANVIL
CAST,CAST,211,CAST
GOLD,GOLD,1369,GOLD
SILVER,SILVER,759,SILVER
BRONZEORCOPPER,BRONZE OR COPPER,3192,BRONZE OR COPPER
IRON,IRON,621,IRON
LEADCHEMICALELEMENT,LEAD (CHEMICAL ELEMENT),627,LEAD (CHEMICAL ELEMENT)
TINORTINPLATE,TIN OR TINPLATE,3217,TIN OR TINPLATE
POTTER,POTTER,359,POTTER
MOLD,MOLD,289,MOLD
CLAY,CLAY,1399,CLAY
GLASS,GLASS,604,GLASS
BRAIDVERBORWEAVEBASKET,BRAID (VERB) OR WEAVE (BASKET),3294,BRAID (VERB) OR WEAVE (BASKET)
BASKET,BASKET,1539,BASKET
MAT,MAT,195,MAT
RUG,RUG,292,RUG
NETBAG,NETBAG,293,NETBAG
FANOBJECT,FAN (OBJECT),1971,FAN (OBJECT)
FANACTION,FAN (ACTION),360,FAN (ACTION)
CARVE,CARVE,228,CARVE
SCULPTOR,SCULPTOR,914,SCULPTOR
STATUE,STATUE,1002,STATUE
CHISEL,CHISEL,1979,CHISEL
PAINTPIGMENTS,PAINT (PIGMENTS),647,PAINT (PIGMENTS)
PAINTING,PAINTING,2001,PAINTING
MOVE,MOVE,765,MOVE
TURNSOMETHING,TURN (SOMETHING),1445,TURN (SOMETHING)
TURNAROUND,TURN AROUND,1444,TURN AROUND
WRAP,WRAP,1113,WRAP
ROLL,ROLL,827,ROLL
DROPSOMETHING,DROP (SOMETHING),2866,DROP (SOMETHING)
TWISTAROUND,TWIST (AROUND),3199,TWIST (AROUND)
RISEMOVEUPWARDS,RISE (MOVE UPWARDS),568,RISE (MOVE UPWARDS)
LIFT,LIFT,501,LIFT
FALL,FALL,1280,FALL
DRIPEMITLIQUID,DRIP (EMIT LIQUID),2253,DRIP (EMIT LIQUID)
THROW,THROW,1456,THROW
CATCH,CATCH,702,CATCH
SHAKE,SHAKE,1909,SHAKE
FLOW,FLOW,2003,FLOW
SINKDESCEND,SINK (DESCEND),1088,SINK (DESCEND)
FLOAT,FLOAT,1574,FLOAT
SWIM,SWIM,1439,SWIM
DIVE,DIVE,119,DIVE
SPLASH,SPLASH,365,SPLASH
SAIL,SAIL,787,SAIL
FLYMOVETHROUGHAIR,FLY (MOVE THROUGH AIR),1441,FLY (MOVE THROUGH AIR)
BLOWOFWIND,BLOW (OF WIND),175,BLOW (OF WIND)
CRAWLORCREEP,CRAWL OR CREEP,3456,CRAWL OR CREEP
KNEEL,KNEEL,66,KNEEL
CROUCH,CROUCH,296,CROUCH
SLIP,SLIP,1324,SLIP
JUMP,JUMP,1829,JUMP
KICK,KICK,1135,KICK
DANCE,DANCE,1879,DANCE
WALK,WALK,1443,WALK
LIMP,LIMP,366,LIMP
RUN,RUN,1519,RUN
GO,GO,695,GO
GOUPASCEND,GO UP (ASCEND),705,GO UP (ASCEND)
CLIMB,CLIMB,1102,CLIMB
GODOWNDESCEND,GO DOWN (DESCEND),2014,GO DOWN (DESCEND)
GOOUT,GO OUT,1107,GO OUT
COME,COME,1446,COME
COMEBACK,COME BACK,581,COME BACK
LEAVE,LEAVE,1752,LEAVE
DISAPPEAR,DISAPPEAR,485,DISAPPEAR
FLEE,FLEE,956,FLEE
FOLLOW,FOLLOW,1085,FOLLOW
PURSUE,PURSUE,1047,PURSUE
ARRIVE,ARRIVE,1387,ARRIVE
APPROACH,APPROACH,1778,APPROACH
ENTER,ENTER,749,ENTER
CARRY,CARRY,700,CARRY
CARRYINHAND,CARRY IN HAND,412,CARRY IN HAND
CARRYONSHOULDER,CARRY ON SHOULDER,413,CARRY ON SHOULDER
CARRYONHEAD,CARRY ON HEAD,414,CARRY ON HEAD
CARRYUNDERARM,CARRY UNDER ARM,415,CARRY UNDER ARM
BRING,BRING,692,BRING
SEND,SEND,1127,SEND
LEADGUIDE,LEAD (GUIDE),43,LEAD (GUIDE)
DRIVE,DRIVE,741,DRIVE
RIDE,RIDE,367,RIDE
PUSH,PUSH,1452,PUSH
ROAD,ROAD,667,ROAD
PATH,PATH,2252,PATH
BRIDGE,BRIDGE,1011,BRIDGE
CART,CART,122,CART
WHEEL,WHEEL,710,WHEEL
AXLE,AXLE,1769,AXLE
YOKE,YOKE,14,YOKE
SHIP,SHIP,740,SHIP
BOAT,BOAT,1844,BOAT
CANOE,CANOE,1970,CANOE
OUTRIGGER,OUTRIGGER,416,OUTRIGGER
RAFT,RAFT,1664,RAFT
OAR,OAR,3137,OAR
PADDLE,PADDLE,234,PADDLE
ROW,ROW,1849,ROW
RUDDER,RUDDER,108,RUDDER
MAST,MAST,184,MAST
SAILCLOTH,SAILCLOTH,786,SAILCLOTH
ANCHOR,ANCHOR,1870,ANCHOR
PORT,PORT,610,PORT
LANDDESCEND,LAND (DESCEND),1922,LAND (DESCEND)
HAVE,HAVE,773,HAVE
OWN,OWN,684,OWN
TAKE,TAKE,1749,TAKE
SEIZE,SEIZE,855,SEIZE
HOLD,HOLD,1448,HOLD
GET,GET,694,GET
KEEP,KEEP,1477,KEEP
THING,THING,738,THING
GIVE,GIVE,1447,GIVE
GIVEBACK,GIVE BACK,85,GIVE BACK
PRESERVE,PRESERVE,1997,PRESERVE
RESCUE,RESCUE,2008,RESCUE
DESTROY,DESTROY,681,DESTROY
DAMAGEORINJURE,DAMAGE OR INJURE,3195,DAMAGE OR INJURE
LOOKFOR,LOOK FOR,1468,LOOK FOR
FIND,FIND,719,FIND
MISPLACE,MISPLACE,3072,MISPLACE
LETGOORSETFREE,LET GO OR SET FREE,1095,LET GO OR SET FREE
MONEY,MONEY,1559,MONEY
COIN,COIN,1867,COIN
RICH,RICH,712,RICH
POOR,POOR,1674,POOR
BEGGAR,BEGGAR,1934,BEGGAR
STINGY,STINGY,1774,STINGY
LEND,LEND,582,LEND
BORROW,BORROW,1823,BORROW
OWE,OWE,369,OWE
DEBT,DEBT,1914,DEBT
PAY,PAY,718,PAY
BILL,BILL,1081,BILL
TAX,TAX,873,TAX
HIREORRENT,HIRE OR RENT,3213,HIRE OR RENT
WAGES,WAGES,1122,WAGES
EARN,EARN,733,EARN
BUY,BUY,1869,BUY
SELL,SELL,1571,SELL
TRADEORBARTER,TRADE OR BARTER,2135,TRADE OR BARTER
MERCHANT,MERCHANT,1082,MERCHANT
MARKET,MARKET,633,MARKET
STORE,STORE,752,STORE
PRICE,PRICE,657,PRICE
EXPENSIVE,EXPENSIVE,1426,EXPENSIVE
CHEAP,CHEAP,1887,CHEAP
SHARE,SHARE,884,SHARE
WEIGH,WEIGH,1098,WEIGH
AFTER,AFTER,1685,AFTER
BEHIND,BEHIND,1686,BEHIND
BESIDE,BESIDE,1816,BESIDE
DOWNORBELOW,DOWN OR BELOW,2094,DOWN OR BELOW
BEFORE,BEFORE,1882,BEFORE
INFRONTOF,IN FRONT OF,1883,IN FRONT OF
INSIDE,INSIDE,1606,INSIDE
OUTSIDE,OUTSIDE,762,OUTSIDE
BELOWORUNDER,BELOW OR UNDER,1485,BELOW OR UNDER
UP,UP,1591,UP
PLACEPOSITION,PLACE (POSITION),723,PLACE (POSITION)
PUT,PUT,998,PUT
SIT,SIT,1416,SIT
LIEDOWN,LIE DOWN,215,LIE DOWN
STAND,STAND,1442,STAND
REMAIN,REMAIN,987,REMAIN
REMAINS,REMAINS,838,REMAINS
GATHER,GATHER,7,GATHER
PICKUP,PICK UP,371,PICK UP
PILEUP,PILE UP,1576,PILE UP
JOIN,JOIN,1743,JOIN
SEPARATE,SEPARATE,1359,SEPARATE
DIVIDE,DIVIDE,1119,DIVIDE
OPEN,OPEN,1156,OPEN
SHUT,SHUT,1046,SHUT
COVER,COVER,761,COVER
HIDECONCEAL,HIDE (CONCEAL),602,HIDE (CONCEAL)
HIGH,HIGH,1265,HIGH
LOW,LOW,721,LOW
TOP,TOP,1753,TOP
BOTTOM,BOTTOM,690,BOTTOM
ENDOFSPACE,END (OF SPACE),742,END (OF SPACE)
POINTED,POINTED,372,POINTED
EDGE,EDGE,863,EDGE
SIDE,SIDE,682,SIDE
CENTERORMIDDLE,CENTER OR MIDDLE,3208,CENTER OR MIDDLE
RIGHT,RIGHT,1019,RIGHT
LEFT,LEFT,244,LEFT
NEAR,NEAR,1942,NEAR
FAR,FAR,1406,FAR
EAST,EAST,1877,EAST
WEST,WEST,1817,WEST
NORTH,NORTH,1598,NORTH
SOUTH,SOUTH,1595,SOUTH
GROW,GROW,479,GROW
MEASURE,MEASURE,1506,MEASURE
FATHOM,FATHOM,81,FATHOM
BIG,BIG,1202,BIG
SMALL,SMALL,1246,SMALL
LONG,LONG,1203,LONG
TALL,TALL,711,TALL
SHORT,SHORT,1645,SHORT
WIDE,WIDE,1243,WIDE
NARROW,NARROW,1267,NARROW
THICK,THICK,1244,THICK
THINOFSHAPEOFOBJECT,THIN (OF SHAPE OF OBJECT),2249,THIN (OF SHAPE OF OBJECT)
DEEP,DEEP,1593,DEEP
SHALLOW,SHALLOW,193,SHALLOW
FLAT,FLAT,1633,FLAT
STRAIGHT,STRAIGHT,1404,STRAIGHT
CROOKED,CROOKED,297,CROOKED
HOOK,HOOK,1071,HOOK
CORNER,CORNER,192,CORNER
CROSS,CROSS,1367,CROSS
SQUARE,SQUARE,850,SQUARE
ROUND,ROUND,1395,ROUND
CIRCLE,CIRCLE,1467,CIRCLE
BALL,BALL,1845,BALL
LINE,LINE,1048,LINE
HOLE,HOLE,1667,HOLE
SIMILAR,SIMILAR,1558,SIMILAR
CHANGE,CHANGE,1264,CHANGE
NOTHINGORZERO,NOTHING OR ZERO,3198,NOTHING OR ZERO
ONE,ONE,1493,ONE
TWO,TWO,1498,TWO
THREE,THREE,492,THREE
FOUR,FOUR,1500,FOUR
FIVE,FIVE,493,FIVE
SIX,SIX,1703,SIX
SEVEN,SEVEN,1704,SEVEN
EIGHT,EIGHT,1705,EIGHT
NINE,NINE,1483,NINE
TEN,TEN,1515,TEN
ELEVEN,ELEVEN,1706,ELEVEN
TWELVE,TWELVE,1707,TWELVE
FIFTEEN,FIFTEEN,1709,FIFTEEN
TWENTY,TWENTY,1710,TWENTY
HUNDRED,HUNDRED,1634,HUNDRED
THOUSAND,THOUSAND,1843,THOUSAND
COUNT,COUNT,1420,COUNT
ALL,ALL,98,ALL
MANY,MANY,1198,MANY
MORE,MORE,1992,MORE
FEW,FEW,1242,FEW
ENOUGH,ENOUGH,1881,ENOUGH
SOME,SOME,1241,SOME
CROWD,CROWD,2023,CROWD
FULL,FULL,1429,FULL
EMPTY,EMPTY,1624,EMPTY
PART,PART,779,PART
HALF,HALF,816,HALF
ONLY,ONLY,1580,ONLY
FIRST,FIRST,728,FIRST
LASTFINAL,LAST (FINAL),1529,LAST (FINAL)
SECOND,SECOND,1384,SECOND
PAIR,PAIR,1888,PAIR
TWICE,TWICE,1546,TWICE
THIRD,THIRD,1859,THIRD
THREETIMES,THREE TIMES,417,THREE TIMES
TIME,TIME,892,TIME
AGE,AGE,1789,AGE
NEW,NEW,1231,NEW
YOUNG,YOUNG,1207,YOUNG
OLD,OLD,1229,OLD
EARLY,EARLY,672,EARLY
LATE,LATE,477,LATE
NOW,NOW,1376,NOW
IMMEDIATELY,IMMEDIATELY,1963,IMMEDIATELY
FAST,FAST,1631,FAST
SLOW,SLOW,701,SLOW
HURRY,HURRY,754,HURRY
BELATE,BE LATE,425,BE LATE
BEGINORSTART,BEGIN OR START,3447,BEGIN OR START
LASTENDURE,LAST (ENDURE),1186,LAST (ENDURE)
ENDOFTIME,END (OF TIME),743,END (OF TIME)
FINISH,FINISH,1766,FINISH
CEASE,CEASE,1928,CEASE
READY,READY,790,READY
ALWAYS,ALWAYS,1676,ALWAYS
OFTEN,OFTEN,1852,OFTEN
SOMETIMES,SOMETIMES,1544,SOMETIMES
SOON,SOON,703,SOON
FORALONGTIME,FOR A LONG TIME,418,FOR A LONG TIME
NEVER,NEVER,1656,NEVER
AGAIN,AGAIN,204,AGAIN
DAYNOTNIGHT,DAY (NOT NIGHT),1225,DAY (NOT NIGHT)
NIGHT,NIGHT,1233,NIGHT
DAWN,DAWN,729,DAWN
MORNING,MORNING,1339,MORNING
MIDDAY,MIDDAY,12,MIDDAY
AFTERNOON,AFTERNOON,1807,AFTERNOON
EVENING,EVENING,1629,EVENING
TODAY,TODAY,1283,TODAY
TOMORROW,TOMORROW,1329,TOMORROW
DAYAFTERTOMORROW,DAY AFTER TOMORROW,1179,DAY AFTER TOMORROW
YESTERDAY,YESTERDAY,1174,YESTERDAY
DAYBEFOREYESTERDAY,DAY BEFORE YESTERDAY,1180,DAY BEFORE YESTERDAY
HOUR,HOUR,1353,HOUR
CLOCK,CLOCK,1323,CLOCK
WEEK,WEEK,1469,WEEK
SUNDAY,SUNDAY,1699,SUNDAY
MONDAY,MONDAY,1697,MONDAY
TUESDAY,TUESDAY,1695,TUESDAY
WEDNESDAY,WEDNESDAY,1694,WEDNESDAY
THURSDAY,THURSDAY,1693,THURSDAY
FRIDAY,FRIDAY,1692,FRIDAY
SATURDAY,SATURDAY,1700,SATURDAY
MONTH,MONTH,1370,MONTH
YEAR,YEAR,1226,YEAR
WINTER,WINTER,1471,WINTER
SPRINGTIME,SPRINGTIME,1537,SPRINGTIME
SUMMER,SUMMER,1342,SUMMER
AUTUMN,AUTUMN,1276,AUTUMN
SEASON,SEASON,691,SEASON
SMELLSTINK,SMELL (STINK),1587,SMELL (STINK)
SNIFF,SNIFF,375,SNIFF
SMELLPERCEIVE,SMELL (PERCEIVE),1586,SMELL (PERCEIVE)
FRAGRANT,FRAGRANT,376,FRAGRANT
STINKING,STINKING,42,STINKING
TASTESOMETHING,TASTE (SOMETHING),21,TASTE (SOMETHING)
SWEET,SWEET,717,SWEET
SALTY,SALTY,1091,SALTY
BITTER,BITTER,887,BITTER
SOUR,SOUR,1906,SOUR
BRACKISH,BRACKISH,70,BRACKISH
HEAR,HEAR,1408,HEAR
LISTEN,LISTEN,1608,LISTEN
SOUNDORNOISE,SOUND OR NOISE,1811,SOUND OR NOISE
LOUD,LOUD,377,LOUD
SILENCE,SILENCE,3458,SILENCE
SEE,SEE,1409,SEE
LOOK,LOOK,1819,LOOK
SHOW,SHOW,1039,SHOW
SHINE,SHINE,708,SHINE
BRIGHT,BRIGHT,679,BRIGHT
COLOR,COLOR,1613,COLOR
LIGHTCOLOR,LIGHT (COLOR),250,LIGHT (COLOR)
DARK,DARK,706,DARK
WHITE,WHITE,1335,WHITE
BLACK,BLACK,163,BLACK
RED,RED,156,RED
BLUE,BLUE,837,BLUE
GREEN,GREEN,1425,GREEN
YELLOW,YELLOW,1424,YELLOW
TOUCH,TOUCH,1892,TOUCH
PINCH,PINCH,378,PINCH
FEEL,FEEL,1079,FEEL
HARD,HARD,1884,HARD
SOFT,SOFT,1856,SOFT
ROUGH,ROUGH,1923,ROUGH
SMOOTH,SMOOTH,1234,SMOOTH
SHARP,SHARP,1396,SHARP
BLUNT,BLUNT,379,BLUNT
HEAVY,HEAVY,1210,HEAVY
LIGHTWEIGHT,LIGHT (WEIGHT),1052,LIGHT (WEIGHT)
WET,WET,1726,WET
DRY,DRY,1398,DRY
HOT,HOT,1286,HOT
WARM,WARM,1232,WARM
COLD,COLD,1287,COLD
CLEAN,CLEAN,704,CLEAN
DIRTY,DIRTY,1230,DIRTY
WRINKLED,WRINKLED,380,WRINKLED
SOUL,SOUL,811,SOUL
SURPRISED,SURPRISED,1572,SURPRISED
GOODLUCK,GOOD LUCK,720,GOOD LUCK
BADLUCK,BAD LUCK,56,BAD LUCK
HAPPY,HAPPY,1495,HAPPY
LAUGH,LAUGH,1355,LAUGH
SMILE,SMILE,1451,SMILE
PLAY,PLAY,1413,PLAY
LOVE,LOVE,923,LOVE
KISS,KISS,578,KISS
EMBRACE,EMBRACE,928,EMBRACE
PAIN,PAIN,1783,PAIN
GRIEF,GRIEF,1668,GRIEF
ANXIETY,ANXIETY,1000,ANXIETY
REGRET,REGRET,1875,REGRET
PITY,PITY,1141,PITY
CRY,CRY,1839,CRY
TEAROFEYE,TEAR (OF EYE),1651,TEAR (OF EYE)
GROAN,GROAN,716,GROAN
HATE,HATE,1607,HATE
ANGER,ANGER,82,ANGER
ENVY,ENVY,40,ENVY
SHAME,SHAME,1776,SHAME
PROUD,PROUD,174,PROUD
DARE,DARE,1779,DARE
BRAVE,BRAVE,3,BRAVE
FEARFRIGHT,FEAR (FRIGHT),781,FEAR (FRIGHT)
DANGER,DANGER,1810,DANGER
WANT,WANT,1784,WANT
CHOOSE,CHOOSE,1750,CHOOSE
HOPE,HOPE,1092,HOPE
FAITHFUL,FAITHFUL,100,FAITHFUL
TRUE,TRUE,1657,TRUE
LIEMISLEAD,LIE (MISLEAD),601,LIE (MISLEAD)
DECEIT,DECEIT,13,DECEIT
FORGIVE,FORGIVE,1528,FORGIVE
GOOD,GOOD,1035,GOOD
BAD,BAD,1292,BAD
CORRECTRIGHT,CORRECT (RIGHT),1725,CORRECT (RIGHT)
WRONG,WRONG,1390,WRONG
FAULT,FAULT,134,FAULT
MISTAKE,MISTAKE,1293,MISTAKE
BLAME,BLAME,381,BLAME
PRAISE,PRAISE,1687,PRAISE
BEAUTIFUL,BEAUTIFUL,1427,BEAUTIFUL
UGLY,UGLY,1548,UGLY
GREEDY,GREEDY,2018,GREEDY
CLEVER,CLEVER,1310,CLEVER
MIND,MIND,1562,MIND
THINKREFLECT,THINK (REFLECT),1415,THINK (REFLECT)
THINKBELIEVE,THINK (BELIEVE),1513,THINK (BELIEVE)
BELIEVE,BELIEVE,1890,BELIEVE
UNDERSTAND,UNDERSTAND,1536,UNDERSTAND
KNOWSOMETHING,KNOW (SOMETHING),1410,KNOW (SOMETHING)
GUESS,GUESS,1932,GUESS
IMITATE,IMITATE,117,IMITATE
SEEM,SEEM,1521,SEEM
IDEA,IDEA,1609,IDEA
WISE,WISE,698,WISE
STUPID,STUPID,1518,STUPID
MAD,MAD,1899,MAD
LEARN,LEARN,504,LEARN
STUDY,STUDY,1929,STUDY
TEACH,TEACH,709,TEACH
PUPILSTUDENT,PUPIL (STUDENT),753,PUPIL (STUDENT)
TEACHER,TEACHER,1038,TEACHER
SCHOOL,SCHOOL,673,SCHOOL
REMEMBER,REMEMBER,707,REMEMBER
FORGET,FORGET,1523,FORGET
CLEAR,CLEAR,989,CLEAR
OBSCURE,OBSCURE,1764,OBSCURE
SECRET,SECRET,1121,SECRET
CERTAIN,CERTAIN,509,CERTAIN
EXPLAIN,EXPLAIN,1626,EXPLAIN
INTENTION,INTENTION,1162,INTENTION
CAUSE,CAUSE,860,CAUSE
DOUBT,DOUBT,1308,DOUBT
SUSPECT,SUSPECT,1841,SUSPECT
BETRAY,BETRAY,1902,BETRAY
NEEDNOUN,NEED (NOUN),643,NEED (NOUN)
EASY,EASY,686,EASY
DIFFICULT,DIFFICULT,584,DIFFICULT
TRY,TRY,1812,TRY
MANNER,MANNER,488,MANNER
AND,AND,1577,AND
BECAUSE,BECAUSE,1157,BECAUSE
IF,IF,1459,IF
OR,OR,1014,OR
YES,YES,1268,YES
NO,NO,1269,NO
HOW,HOW,1239,HOW
HOWMANYPIECES,HOW MANY PIECES,3450,HOW MANY PIECES
HOWMUCH,HOW MUCH,531,HOW MUCH
WHAT,WHAT,1236,WHAT
WHEN,WHEN,1238,WHEN
WHERE,WHERE,1237,WHERE
WHICH,WHICH,727,WHICH
WHO,WHO,1235,WHO
WHY,WHY,1270,WHY
VOICE,VOICE,1363,VOICE
SING,SING,1261,SING
SHOUT,SHOUT,715,SHOUT
WHISPER,WHISPER,55,WHISPER
MUMBLE,MUMBLE,128,MUMBLE
WHISTLE,WHISTLE,1025,WHISTLE
SHRIEK,SHRIEK,298,SHRIEK
HOWL,HOWL,526,HOWL
SPEAK,SPEAK,1623,SPEAK
STUTTER,STUTTER,1866,STUTTER
SAY,SAY,1458,SAY
TELL,TELL,1711,TELL
SPEECH,SPEECH,1115,SPEECH
BESILENT,BE SILENT,48,BE SILENT
LANGUAGE,LANGUAGE,1307,LANGUAGE
WORD,WORD,1599,WORD
NAME,NAME,1405,NAME
ASKINQUIRE,ASK (INQUIRE),1309,ASK (INQUIRE)
ANSWER,ANSWER,1275,ANSWER
ADMIT,ADMIT,2022,ADMIT
DENY,DENY,755,DENY
ASKREQUEST,ASK (REQUEST),1828,ASK (REQUEST)
PROMISE,PROMISE,1675,PROMISE
REFUSE,REFUSE,49,REFUSE
FORBID,FORBID,83,FORBID
SCOLD,SCOLD,299,SCOLD
CALL,CALL,1084,CALL
CALLBYNAME,CALL BY NAME,180,CALL BY NAME
ANNOUNCE,ANNOUNCE,9,ANNOUNCE
THREATEN,THREATEN,1192,THREATEN
BOAST,BOAST,101,BOAST
WRITE,WRITE,1672,WRITE
READ,READ,724,READ
PAPER,PAPER,648,PAPER
PEN,PEN,794,PEN
BOOK,BOOK,963,BOOK
POET,POET,1045,POET
FLUTE,FLUTE,777,FLUTE
DRUM,DRUM,908,DRUM
BRASSINSTRUMENTHORNORTRUMPET,BRASS INSTRUMENT (HORN OR TRUMPET),2136,BRASS INSTRUMENT (HORN OR TRUMPET)
RATTLE,RATTLE,300,RATTLE
COUNTRY,COUNTRY,1300,COUNTRY
NATIVECOUNTRY,NATIVE COUNTRY,89,NATIVE COUNTRY
TOWN,TOWN,1391,TOWN
VILLAGE,VILLAGE,930,VILLAGE
BOUNDARY,BOUNDARY,1010,BOUNDARY
PEOPLE,PEOPLE,789,PEOPLE
CLAN,CLAN,302,CLAN
CHIEFTAIN,CHIEFTAIN,301,CHIEFTAIN
WALKINGSTICK,WALKING STICK,1296,WALKING STICK
RULE,RULE,1846,RULE
KING,KING,1508,KING
QUEEN,QUEEN,1306,QUEEN
NOBLE,NOBLE,482,NOBLE
CITIZEN,CITIZEN,1032,CITIZEN
MASTER,MASTER,383,MASTER
SLAVE,SLAVE,812,SLAVE
SERVANT,SERVANT,255,SERVANT
FREEMAN,FREEMAN,384,FREEMAN
COMMAND,COMMAND,1998,COMMAND
OBEY,OBEY,1635,OBEY
ALLOWORPERMIT,ALLOW OR PERMIT,3237,ALLOW OR PERMIT
FRIEND,FRIEND,1325,FRIEND
ENEMY,ENEMY,1358,ENEMY
NEIGHBOUR,NEIGHBOUR,1332,NEIGHBOUR
STRANGER,STRANGER,791,STRANGER
GUEST,GUEST,1782,GUEST
HOST,HOST,1545,HOST
HELP,HELP,1897,HELP
HINDERORPREVENT,HINDER OR PREVENT,3201,HINDER OR PREVENT
CUSTOM,CUSTOM,1747,CUSTOM
QUARREL,QUARREL,1848,QUARREL
PLOT,PLOT,2024,PLOT
MEET,MEET,1831,MEET
PROSTITUTE,PROSTITUTE,1610,PROSTITUTE
FIGHT,FIGHT,1423,FIGHT
BATTLE,BATTLE,579,BATTLE
PEACE,PEACE,1338,PEACE
ARMY,ARMY,1561,ARMY
SOLDIER,SOLDIER,1941,SOLDIER
WEAPONS,WEAPONS,951,WEAPONS
CLUB,CLUB,1763,CLUB
BATTLEAXE,BATTLE-AXE,386,BATTLE-AXE
SLING,SLING,387,SLING
BOW,BOW,994,BOW
ARROW,ARROW,977,ARROW
SPEAR,SPEAR,945,SPEAR
SWORD,SWORD,1535,SWORD
CANNONORGUN,CANNON OR GUN,3203,CANNON OR GUN
ARMOUR,ARMOUR,1061,ARMOUR
HELMET,HELMET,1680,HELMET
SHIELD,SHIELD,1064,SHIELD
FORTRESS,FORTRESS,1938,FORTRESS
TOWER,TOWER,1671,TOWER
VICTORY,VICTORY,783,VICTORY
DEFEAT,DEFEAT,782,DEFEAT
ATTACK,ATTACK,722,ATTACK
DEFEND,DEFEND,1330,DEFEND
RETREAT,RETREAT,421,RETREAT
SURRENDER,SURRENDER,1696,SURRENDER
PRISONER,PRISONER,1072,PRISONER
GUARD,GUARD,1940,GUARD
BOOTY,BOOTY,1022,BOOTY
AMBUSH,AMBUSH,65,AMBUSH
FISHERMAN,FISHERMAN,1858,FISHERMAN
FISHHOOK,FISHHOOK,1074,FISHHOOK
FISHINGLINE,FISHING LINE,19,FISHING LINE
FISHNET,FISHNET,388,FISHNET
FISHTRAP,FISH TRAP,389,FISH TRAP
BAIT,BAIT,2013,BAIT
HUNT,HUNT,1435,HUNT
SHOOT,SHOOT,1172,SHOOT
MISSATARGET,MISS (A TARGET),161,MISS (A TARGET)
TRAPPITFALL,TRAP (PITFALL),1075,TRAP (PITFALL)
TRAPCATCH,TRAP (CATCH),1170,TRAP (CATCH)
LAW,LAW,1062,LAW
COURT,COURT,1068,COURT
ADJUDICATE,ADJUDICATE,1818,ADJUDICATE
JUDGMENT,JUDGMENT,1067,JUDGMENT
JUDGE,JUDGE,861,JUDGE
PLAINTIFF,PLAINTIFF,2020,PLAINTIFF
DEFENDANT,DEFENDANT,1034,DEFENDANT
WITNESS,WITNESS,1144,WITNESS
SWEAR,SWEAR,1939,SWEAR
OATH,OATH,1712,OATH
ACCUSE,ACCUSE,1814,ACCUSE
CONDEMN,CONDEMN,484,CONDEMN
CONVICT,CONVICT,983,CONVICT
ACQUIT,ACQUIT,988,ACQUIT
GUILTY,GUILTY,1682,GUILTY
INNOCENT,INNOCENT,90,INNOCENT
PUNISHMENT,PUNISHMENT,390,PUNISHMENT
FINEPENALTY,FINE (PENALTY),218,FINE (PENALTY)
PRISON,PRISON,1281,PRISON
MURDER,MURDER,845,MURDER
ADULTERY,ADULTERY,902,ADULTERY
RAPE,RAPE,953,RAPE
ARSON,ARSON,1889,ARSON
PERJURY,PERJURY,1792,PERJURY
STEAL,STEAL,713,STEAL
THIEF,THIEF,1160,THIEF
RELIGION,RELIGION,661,RELIGION
GOD,GOD,1944,GOD
TEMPLE,TEMPLE,911,TEMPLE
ALTAR,ALTAR,853,ALTAR
SACRIFICE,SACRIFICE,1103,SACRIFICE
WORSHIP,WORSHIP,257,WORSHIP
PRAY,PRAY,24,PRAY
PRIEST,PRIEST,852,PRIEST
HOLY,HOLY,1702,HOLY
PREACH,PREACH,304,PREACH
BLESS,BLESS,391,BLESS
CURSE,CURSE,8,CURSE
ABSTAINFROMFOOD,ABSTAIN FROM FOOD,303,ABSTAIN FROM FOOD
HEAVEN,HEAVEN,1565,HEAVEN
HELL,HELL,878,HELL
DEMON,DEMON,1973,DEMON
IDOL,IDOL,1945,IDOL
MAGIC,MAGIC,392,MAGIC
MAGICIAN,MAGICIAN,2137,MAGICIAN
ELFORFAIRY,ELF OR FAIRY,3206,ELF OR FAIRY
GHOST,GHOST,1175,GHOST
OMEN,OMEN,107,OMEN
